updatedAt,price,originalPrice,rating,reviewCount,stock,badge,specs,createdAt,sellerName,slug,title,description,id,sellerId,images,categoryId,tags
2025-10-15 16:24:39,45803.99,59618.28,4.3,3427,192,,"{""Brand"": ""Havells"", ""Color"": ""White"", ""Warranty"": ""1 Year"", ""Material"": ""Cotton""}",2025-10-09 16:24:39,SuperComNet,havells-cookware-set-1549,Havells Cookware Set,High quality Havells Cookware Set from Havells. Perfect for daily use. This Cookware Set is highly rated and recommended for customers in India.,943605cb-db4f-4f7c-98ef-84b0a9bc0c96,82ae18f7-d642-4a0a-9318-70a41c42069c,"['https://example.com/images/943605cb-db4f-4f7c-98ef-84b0a9bc0c96_1.jpg', 'https://example.com/images/943605cb-db4f-4f7c-98ef-84b0a9bc0c96_2.jpg']",cat_home_02,"['home & kitchen', 'havells', 'india', 'trending']"
2025-11-22 16:24:39,3971.84,5655.85,4.4,4835,132,Amazon's Choice,"{""Brand"": ""The Derma Co"", ""Color"": ""Blue"", ""Warranty"": ""2 Year"", ""Material"": ""Cotton""}",2025-10-25 16:24:39,Cocoblu Retail,the-derma-co-perfume-2201,The Derma Co Perfume,High quality The Derma Co Perfume from The Derma Co. Perfect for daily use. This Perfume is highly rated and recommended for customers in India.,f016b777-f6cf-449c-8bed-63454bb70bce,36660673-64c2-4bf0-a748-a47176a624bc,"['https://example.com/images/f016b777-f6cf-449c-8bed-63454bb70bce_1.jpg', 'https://example.com/images/f016b777-f6cf-449c-8bed-63454bb70bce_2.jpg']",cat_beau_04,"['beauty & personal care', 'the derma co', 'india', 'trending']"
2026-01-10 16:24:39,20205.02,26730.12,4.6,4585,67,Bestseller,"{""Brand"": ""Happilo"", ""Color"": ""White"", ""Warranty"": ""1 Year"", ""Material"": ""Cotton""}",2025-12-30 16:24:39,RetailNet,happilo-organic-honey-6642,Happilo Organic Honey,High quality Happilo Organic Honey from Happilo. Perfect for daily use. This Organic Honey is highly rated and recommended for customers in India.,f56f5a83-1f28-4da6-a51e-2e92d95314cd,fe053bad-2afc-45b6-9fd4-3507e202c5ff,"['https://example.com/images/f56f5a83-1f28-4da6-a51e-2e92d95314cd_1.jpg', 'https://example.com/images/f56f5a83-1f28-4da6-a51e-2e92d95314cd_2.jpg']",cat_groc_05,"['grocery', 'happilo', 'india', 'trending']"
2025-12-02 16:24:39,22367.78,30559.28,4.8,1951,130,Bestseller,"{""Brand"": ""boAt"", ""Color"": ""Black"", ""Warranty"": ""2 Year"", ""Material"": ""Cotton""}",2025-11-04 16:24:39,Cocoblu Retail,boat-power-bank-lite-6599,boAt Power Bank Lite,High quality boAt Power Bank Lite from boAt. Perfect for daily use. This Power Bank is highly rated and recommended for customers in India.,d732ae68-ced3-4382-a275-4cb21bdf1cbf,7f5601f4-12c5-4331-ac08-4c1880bc383c,"['https://example.com/images/d732ae68-ced3-4382-a275-4cb21bdf1cbf_1.jpg', 'https://example.com/images/d732ae68-ced3-4382-a275-4cb21bdf1cbf_2.jpg']",cat_elec_01,"['electronics', 'boat', 'india', 'trending']"
2026-01-24 16:24:39,70992.01,79344.07,4.6,1923,87,Limited Time Deal,"{""Brand"": ""Apple"", ""Color"": ""Red"", ""Warranty"": ""1 Year"", ""Material"": ""Glass""}",2026-01-04 16:24:39,SuperComNet,apple-power-bank-v2-8391,Apple Power Bank v2,High quality Apple Power Bank v2 from Apple. Perfect for daily use. This Power Bank is highly rated and recommended for customers in India.,cfccdc42-2274-4ba7-9d20-591d2b51fa3d,8951597c-7ec7-4afe-8d96-419e6963b936,"['https://example.com/images/cfccdc42-2274-4ba7-9d20-591d2b51fa3d_1.jpg', 'https://example.com/images/cfccdc42-2274-4ba7-9d20-591d2b51fa3d_2.jpg']",cat_elec_01,"['electronics', 'apple', 'india', 'trending']"
2025-10-23 16:24:39,64016.54,78221.28,4.8,1129,0,Limited Time Deal,"{""Brand"": ""Havells"", ""Color"": ""Red"", ""Warranty"": ""1 Year"", ""Material"": ""Cotton""}",2025-10-14 16:24:39,Cocoblu Retail,havells-bedsheet-6353,Havells Bedsheet,High quality Havells Bedsheet from Havells. Perfect for daily use. This Bedsheet is highly rated and recommended for customers in India.,54ffd5bc-6d3e-49d3-a4d5-1b8d74571e3c,f399996f-57ef-4e20-aef9-306f47ca886e,"['https://example.com/images/54ffd5bc-6d3e-49d3-a4d5-1b8d74571e3c_1.jpg', 'https://example.com/images/54ffd5bc-6d3e-49d3-a4d5-1b8d74571e3c_2.jpg']",cat_home_02,"['home & kitchen', 'havells', 'india', 'trending']"
2026-01-29 16:24:39,25799.39,36128.98,4.5,215,86,,"{""Brand"": ""Nivea"", ""Color"": ""Blue"", ""Warranty"": ""1 Year"", ""Material"": ""Metal""}",2026-01-02 16:24:39,Cocoblu Retail,nivea-matte-lipstick-5164,Nivea Matte Lipstick,High quality Nivea Matte Lipstick from Nivea. Perfect for daily use. This Matte Lipstick is highly rated and recommended for customers in India.,4a7b7fdf-d237-4f41-ac12-6afb18bc6985,59765e08-1dc9-4a48-8d6a-ac20b6ee6d4c,"['https://example.com/images/4a7b7fdf-d237-4f41-ac12-6afb18bc6985_1.jpg', 'https://example.com/images/4a7b7fdf-d237-4f41-ac12-6afb18bc6985_2.jpg']",cat_beau_04,"['beauty & personal care', 'nivea', 'india', 'trending']"
2025-08-27 16:24:39,67710.3,74903.11,4.7,877,53,Amazon's Choice,"{""Brand"": ""The Derma Co"", ""Color"": ""White"", ""Warranty"": ""2 Year"", ""Material"": ""Glass""}",2025-08-13 16:24:39,Cocoblu Retail,the-derma-co-matte-lipstick-8002,The Derma Co Matte Lipstick,High quality The Derma Co Matte Lipstick from The Derma Co. Perfect for daily use. This Matte Lipstick is highly rated and recommended for customers in India.,03754395-54c7-469f-8a0e-ae8d4686e790,ee55020d-7082-437b-8443-3ac6934ba5cb,"['https://example.com/images/03754395-54c7-469f-8a0e-ae8d4686e790_1.jpg', 'https://example.com/images/03754395-54c7-469f-8a0e-ae8d4686e790_2.jpg']",cat_beau_04,"['beauty & personal care', 'the derma co', 'india', 'trending']"
2025-06-17 16:24:39,29129.22,38350.95,4.5,1078,103,Limited Time Deal,"{""Brand"": ""Levis"", ""Color"": ""Blue"", ""Warranty"": ""2 Year"", ""Material"": ""Metal""}",2025-05-28 16:24:39,SuperComNet,levis-running-shoes-8317,Levis Running Shoes,High quality Levis Running Shoes from Levis. Perfect for daily use. This Running Shoes is highly rated and recommended for customers in India.,d0c87f5c-4eb4-4261-982c-73c3d1a78f5c,4f675e41-4099-458a-9005-4a63871e9abc,"['https://example.com/images/d0c87f5c-4eb4-4261-982c-73c3d1a78f5c_1.jpg', 'https://example.com/images/d0c87f5c-4eb4-4261-982c-73c3d1a78f5c_2.jpg']",cat_fash_03,"['fashion', 'levis', 'india', 'trending']"
2026-01-30 16:24:39,8438.37,10362.36,4.8,748,103,Limited Time Deal,"{""Brand"": ""Xiaomi"", ""Color"": ""White"", ""Warranty"": ""1 Year"", ""Material"": ""Cotton""}",2026-01-30 16:24:39,Cloudtail India,xiaomi-smartwatch-v2-3780,Xiaomi Smartwatch v2,High quality Xiaomi Smartwatch v2 from Xiaomi. Perfect for daily use. This Smartwatch is highly rated and recommended for customers in India.,0c6bcf7f-7ca0-4773-9d3a-0f96da0024cf,14be5a9b-5c7c-4950-8321-7c382b33cce3,"['https://example.com/images/0c6bcf7f-7ca0-4773-9d3a-0f96da0024cf_1.jpg', 'https://example.com/images/0c6bcf7f-7ca0-4773-9d3a-0f96da0024cf_2.jpg']",cat_elec_01,"['electronics', 'xiaomi', 'india', 'trending']"
2025-08-04 16:24:39,48823.93,72284.67,3.5,1114,48,Bestseller,"{""Brand"": ""Puma"", ""Color"": ""Blue"", ""Warranty"": ""2 Year"", ""Material"": ""Glass""}",2025-07-21 16:24:39,Cloudtail India,puma-denim-jeans-4132,Puma Denim Jeans,High quality Puma Denim Jeans from Puma. Perfect for daily use. This Denim Jeans is highly rated and recommended for customers in India.,d3a2fa90-f3e0-43d1-93bc-f254835ac417,01982179-5f5a-401f-8e15-ab605b45f465,"['https://example.com/images/d3a2fa90-f3e0-43d1-93bc-f254835ac417_1.jpg', 'https://example.com/images/d3a2fa90-f3e0-43d1-93bc-f254835ac417_2.jpg']",cat_fash_03,"['fashion', 'puma', 'india', 'trending']"
2026-02-20 16:24:39,49047.05,60741.58,4.3,4997,171,Limited Time Deal,"{""Brand"": ""Nivea"", ""Color"": ""Blue"", ""Warranty"": ""2 Year"", ""Material"": ""Metal""}",2026-02-16 16:24:39,SuperComNet,nivea-face-wash-7465,Nivea Face Wash,High quality Nivea Face Wash from Nivea. Perfect for daily use. This Face Wash is highly rated and recommended for customers in India.,d9d23612-6c3a-403a-8cc9-b7c829de5072,dcdb9856-bead-4f60-bc98-e2235b6ad36a,"['https://example.com/images/d9d23612-6c3a-403a-8cc9-b7c829de5072_1.jpg', 'https://example.com/images/d9d23612-6c3a-403a-8cc9-b7c829de5072_2.jpg']",cat_beau_04,"['beauty & personal care', 'nivea', 'india', 'trending']"
2025-12-30 16:24:39,16625.07,19857.86,3.7,2878,16,Limited Time Deal,"{""Brand"": ""Sony"", ""Color"": ""Red"", ""Warranty"": ""2 Year"", ""Material"": ""Glass""}",2025-12-01 16:24:39,Appario Retail Private Ltd,sony-power-bank-pro-2720,Sony Power Bank Pro,High quality Sony Power Bank Pro from Sony. Perfect for daily use. This Power Bank is highly rated and recommended for customers in India.,8e7869a1-2171-4c2d-82b7-c74e0290b774,c472958f-960a-4ba2-93ab-dfc74009d83d,"['https://example.com/images/8e7869a1-2171-4c2d-82b7-c74e0290b774_1.jpg', 'https://example.com/images/8e7869a1-2171-4c2d-82b7-c74e0290b774_2.jpg']",cat_elec_01,"['electronics', 'sony', 'india', 'trending']"
2026-02-21 16:24:39,11928.21,15627.31,4.9,1495,11,Bestseller,"{""Brand"": ""Sony"", ""Color"": ""Red"", ""Warranty"": ""2 Year"", ""Material"": ""Cotton""}",2026-01-26 16:24:39,Appario Retail Private Ltd,sony-smartwatch-max-5272,Sony Smartwatch Max,High quality Sony Smartwatch Max from Sony. Perfect for daily use. This Smartwatch is highly rated and recommended for customers in India.,64b3c954-e32d-4764-9674-037cef917b12,bf4306d4-21b4-474a-9f25-bf994e6f11d3,"['https://example.com/images/64b3c954-e32d-4764-9674-037cef917b12_1.jpg', 'https://example.com/images/64b3c954-e32d-4764-9674-037cef917b12_2.jpg']",cat_elec_01,"['electronics', 'sony', 'india', 'trending']"
2025-04-04 16:24:39,39506.09,49182.8,4.3,1215,12,Limited Time Deal,"{""Brand"": ""Bajaj"", ""Color"": ""Red"", ""Warranty"": ""1 Year"", ""Material"": ""Cotton""}",2025-03-28 16:24:39,RetailNet,bajaj-mixer-grinder-8276,Bajaj Mixer Grinder,High quality Bajaj Mixer Grinder from Bajaj. Perfect for daily use. This Mixer Grinder is highly rated and recommended for customers in India.,46fcc887-444f-4b07-9788-584aa1dba424,abd340d0-f573-42f5-a0e0-bbf775be2634,"['https://example.com/images/46fcc887-444f-4b07-9788-584aa1dba424_1.jpg', 'https://example.com/images/46fcc887-444f-4b07-9788-584aa1dba424_2.jpg']",cat_home_02,"['home & kitchen', 'bajaj', 'india', 'trending']"
2025-08-26 16:24:39,55823.16,70963.62,4.4,1456,179,Bestseller,"{""Brand"": ""Bajaj"", ""Color"": ""White"", ""Warranty"": ""1 Year"", ""Material"": ""Metal""}",2025-08-06 16:24:39,SuperComNet,bajaj-electric-kettle-8939,Bajaj Electric Kettle,High quality Bajaj Electric Kettle from Bajaj. Perfect for daily use. This Electric Kettle is highly rated and recommended for customers in India.,b6214daf-1971-494d-90b3-d07176ebc479,5ac67eef-20bb-4e82-a7be-025cb6832e20,"['https://example.com/images/b6214daf-1971-494d-90b3-d07176ebc479_1.jpg', 'https://example.com/images/b6214daf-1971-494d-90b3-d07176ebc479_2.jpg']",cat_home_02,"['home & kitchen', 'bajaj', 'india', 'trending']"
2025-11-12 16:24:39,51886.34,72410.43,4.7,3780,73,Limited Time Deal,"{""Brand"": ""boAt"", ""Color"": ""White"", ""Warranty"": ""1 Year"", ""Material"": ""Metal""}",2025-11-12 16:24:39,SuperComNet,boat-laptop-pro-3749,boAt Laptop Pro,High quality boAt Laptop Pro from boAt. Perfect for daily use. This Laptop is highly rated and recommended for customers in India.,5d59e1a7-4a63-4b63-982d-2a70d4b2e92f,f35c86fa-7960-406c-ae47-55fed2f551a1,"['https://example.com/images/5d59e1a7-4a63-4b63-982d-2a70d4b2e92f_1.jpg', 'https://example.com/images/5d59e1a7-4a63-4b63-982d-2a70d4b2e92f_2.jpg']",cat_elec_01,"['electronics', 'boat', 'india', 'trending']"
2025-08-31 16:24:39,61375.59,85164.75,3.9,2462,160,Amazon's Choice,"{""Brand"": ""HP"", ""Color"": ""Red"", ""Warranty"": ""1 Year"", ""Material"": ""Metal""}",2025-08-08 16:24:39,SuperComNet,hp-smartphone-ultra-4638,HP Smartphone Ultra,High quality HP Smartphone Ultra from HP. Perfect for daily use. This Smartphone is highly rated and recommended for customers in India.,1e4c00f7-2547-4315-9c0f-72c692e009fa,3e5bfe0a-fb76-4bb8-ad59-15168b7dd530,"['https://example.com/images/1e4c00f7-2547-4315-9c0f-72c692e009fa_1.jpg', 'https://example.com/images/1e4c00f7-2547-4315-9c0f-72c692e009fa_2.jpg']",cat_elec_01,"['electronics', 'hp', 'india', 'trending']"
2025-08-17 16:24:39,70529.78,98495.97,4.0,4298,115,Amazon's Choice,"{""Brand"": ""Fortune"", ""Color"": ""White"", ""Warranty"": ""2 Year"", ""Material"": ""Glass""}",2025-08-12 16:24:39,RetailNet,fortune-basmati-rice-7098,Fortune Basmati Rice,High quality Fortune Basmati Rice from Fortune. Perfect for daily use. This Basmati Rice is highly rated and recommended for customers in India.,008b64ee-0484-40cd-890b-d0677d2defc9,9159e26a-539b-400b-9acd-07cedbfa30c5,"['https://example.com/images/008b64ee-0484-40cd-890b-d0677d2defc9_1.jpg', 'https://example.com/images/008b64ee-0484-40cd-890b-d0677d2defc9_2.jpg']",cat_groc_05,"['grocery', 'fortune', 'india', 'trending']"
2025-06-15 16:24:39,55035.71,79972.7,4.1,330,110,,"{""Brand"": ""Havells"", ""Color"": ""Black"", ""Warranty"": ""1 Year"", ""Material"": ""Plastic""}",2025-06-11 16:24:39,RetailNet,havells-electric-kettle-4782,Havells Electric Kettle,High quality Havells Electric Kettle from Havells. Perfect for daily use. This Electric Kettle is highly rated and recommended for customers in India.,b2ffa0c9-e13b-4596-b5b8-c1ac1901bf2e,47ef003b-ba42-4cd7-9dfb-6d4fe5cb3d9c,"['https://example.com/images/b2ffa0c9-e13b-4596-b5b8-c1ac1901bf2e_1.jpg', 'https://example.com/images/b2ffa0c9-e13b-4596-b5b8-c1ac1901bf2e_2.jpg']",cat_home_02,"['home & kitchen', 'havells', 'india', 'trending']"
2026-02-11 16:24:39,67781.77,92340.65,4.6,1584,19,,"{""Brand"": ""Xiaomi"", ""Color"": ""Silver"", ""Warranty"": ""1 Year"", ""Material"": ""Plastic""}",2026-01-22 16:24:39,Cocoblu Retail,xiaomi-wireless-earbuds-lite-1000,Xiaomi Wireless Earbuds Lite,High quality Xiaomi Wireless Earbuds Lite from Xiaomi. Perfect for daily use. This Wireless Earbuds is highly rated and recommended for customers in India.,92c68108-1557-47bf-9c41-0a160e1b89c4,03cfaab3-d65e-4992-9c49-dfcd4f7fba1f,"['https://example.com/images/92c68108-1557-47bf-9c41-0a160e1b89c4_1.jpg', 'https://example.com/images/92c68108-1557-47bf-9c41-0a160e1b89c4_2.jpg']",cat_elec_01,"['electronics', 'xiaomi', 'india', 'trending']"
2025-03-21 16:24:39,60646.79,68618.93,3.7,3540,99,,"{""Brand"": ""Havells"", ""Color"": ""Black"", ""Warranty"": ""1 Year"", ""Material"": ""Metal""}",2025-03-20 16:24:39,RetailNet,havells-electric-kettle-6103,Havells Electric Kettle,High quality Havells Electric Kettle from Havells. Perfect for daily use. This Electric Kettle is highly rated and recommended for customers in India.,fe151d0c-1d21-458b-9272-2647ff0e1edb,696181bb-0b3e-4e6e-9bc8-296acb42770f,"['https://example.com/images/fe151d0c-1d21-458b-9272-2647ff0e1edb_1.jpg', 'https://example.com/images/fe151d0c-1d21-458b-9272-2647ff0e1edb_2.jpg']",cat_home_02,"['home & kitchen', 'havells', 'india', 'trending']"
2025-07-08 16:24:39,46766.44,55587.71,3.7,3193,63,Bestseller,"{""Brand"": ""FabIndia"", ""Color"": ""Red"", ""Warranty"": ""1 Year"", ""Material"": ""Plastic""}",2025-06-21 16:24:39,Cocoblu Retail,fabindia-silk-saree-1853,FabIndia Silk Saree,High quality FabIndia Silk Saree from FabIndia. Perfect for daily use. This Silk Saree is highly rated and recommended for customers in India.,788d25c2-8b6a-429b-a51e-0920723affad,0dde33ea-affe-4b5e-8e13-184e63a0e24f,"['https://example.com/images/788d25c2-8b6a-429b-a51e-0920723affad_1.jpg', 'https://example.com/images/788d25c2-8b6a-429b-a51e-0920723affad_2.jpg']",cat_fash_03,"['fashion', 'fabindia', 'india', 'trending']"
2025-09-11 16:24:39,70383.12,89382.64,3.8,4706,199,Bestseller,"{""Brand"": ""FabIndia"", ""Color"": ""White"", ""Warranty"": ""2 Year"", ""Material"": ""Cotton""}",2025-08-24 16:24:39,Cocoblu Retail,fabindia-denim-jeans-9829,FabIndia Denim Jeans,High quality FabIndia Denim Jeans from FabIndia. Perfect for daily use. This Denim Jeans is highly rated and recommended for customers in India.,f3b75679-1c1d-48cf-95a7-697dbf44f7a3,d715d6a5-1f6c-4c97-9b61-682396e81beb,"['https://example.com/images/f3b75679-1c1d-48cf-95a7-697dbf44f7a3_1.jpg', 'https://example.com/images/f3b75679-1c1d-48cf-95a7-697dbf44f7a3_2.jpg']",cat_fash_03,"['fashion', 'fabindia', 'india', 'trending']"
2025-07-19 16:24:39,234.2,271.08,4.8,4347,183,Amazon's Choice,"{""Brand"": ""FabIndia"", ""Color"": ""White"", ""Warranty"": ""2 Year"", ""Material"": ""Cotton""}",2025-06-23 16:24:39,Cocoblu Retail,fabindia-silk-saree-7925,FabIndia Silk Saree,High quality FabIndia Silk Saree from FabIndia. Perfect for daily use. This Silk Saree is highly rated and recommended for customers in India.,44c2ceb5-96f7-467d-8810-46114970ede3,9d5ebd52-ef67-4321-a08c-012caed6d5fd,"['https://example.com/images/44c2ceb5-96f7-467d-8810-46114970ede3_1.jpg', 'https://example.com/images/44c2ceb5-96f7-467d-8810-46114970ede3_2.jpg']",cat_fash_03,"['fashion', 'fabindia', 'india', 'trending']"
2025-06-17 16:24:39,59907.8,84847.94,4.1,239,14,Bestseller,"{""Brand"": ""Biba"", ""Color"": ""Black"", ""Warranty"": ""2 Year"", ""Material"": ""Glass""}",2025-05-25 16:24:39,SuperComNet,biba-silk-saree-9880,Biba Silk Saree,High quality Biba Silk Saree from Biba. Perfect for daily use. This Silk Saree is highly rated and recommended for customers in India.,f9257d94-3191-4092-9e1b-f73ce560178a,27a52aeb-c320-4b8b-ab8b-e6712181203b,"['https://example.com/images/f9257d94-3191-4092-9e1b-f73ce560178a_1.jpg', 'https://example.com/images/f9257d94-3191-4092-9e1b-f73ce560178a_2.jpg']",cat_fash_03,"['fashion', 'biba', 'india', 'trending']"
2026-02-20 16:24:39,45406.21,67653.7,3.7,2017,65,Amazon's Choice,"{""Brand"": ""Bajaj"", ""Color"": ""Silver"", ""Warranty"": ""2 Year"", ""Material"": ""Cotton""}",2026-02-04 16:24:39,Appario Retail Private Ltd,bajaj-cookware-set-1878,Bajaj Cookware Set,High quality Bajaj Cookware Set from Bajaj. Perfect for daily use. This Cookware Set is highly rated and recommended for customers in India.,3a534333-da40-427e-9ebe-9b8779baa9a2,bc42f197-3741-4e44-85de-3cf525b273d2,"['https://example.com/images/3a534333-da40-427e-9ebe-9b8779baa9a2_1.jpg', 'https://example.com/images/3a534333-da40-427e-9ebe-9b8779baa9a2_2.jpg']",cat_home_02,"['home & kitchen', 'bajaj', 'india', 'trending']"
2025-05-21 16:24:39,71804.26,91444.19,3.7,4144,99,Limited Time Deal,"{""Brand"": ""Lakme"", ""Color"": ""White"", ""Warranty"": ""2 Year"", ""Material"": ""Cotton""}",2025-04-23 16:24:39,Cocoblu Retail,lakme-perfume-4367,Lakme Perfume,High quality Lakme Perfume from Lakme. Perfect for daily use. This Perfume is highly rated and recommended for customers in India.,0c03f4ba-b174-4582-a988-588b6422a5df,d75e69a6-adfe-42eb-94e5-66f49e3d4604,"['https://example.com/images/0c03f4ba-b174-4582-a988-588b6422a5df_1.jpg', 'https://example.com/images/0c03f4ba-b174-4582-a988-588b6422a5df_2.jpg']",cat_beau_04,"['beauty & personal care', 'lakme', 'india', 'trending']"
2026-01-20 16:24:39,41090.24,58265.28,3.9,4920,64,Amazon's Choice,"{""Brand"": ""FabIndia"", ""Color"": ""White"", ""Warranty"": ""1 Year"", ""Material"": ""Glass""}",2026-01-12 16:24:39,Appario Retail Private Ltd,fabindia-cotton-t-shirt-1911,FabIndia Cotton T-shirt,High quality FabIndia Cotton T-shirt from FabIndia. Perfect for daily use. This Cotton T-shirt is highly rated and recommended for customers in India.,a9e37596-34a6-4626-b23b-dc27be17346f,67f1355d-aa14-4b34-84e7-766f63a76df2,"['https://example.com/images/a9e37596-34a6-4626-b23b-dc27be17346f_1.jpg', 'https://example.com/images/a9e37596-34a6-4626-b23b-dc27be17346f_2.jpg']",cat_fash_03,"['fashion', 'fabindia', 'india', 'trending']"
2025-08-04 16:24:39,5984.86,8499.96,4.0,1092,72,Limited Time Deal,"{""Brand"": ""The Derma Co"", ""Color"": ""White"", ""Warranty"": ""2 Year"", ""Material"": ""Cotton""}",2025-07-10 16:24:39,Cloudtail India,the-derma-co-hair-oil-9680,The Derma Co Hair Oil,High quality The Derma Co Hair Oil from The Derma Co. Perfect for daily use. This Hair Oil is highly rated and recommended for customers in India.,74a101b9-7fe2-4cc9-865c-b61203c3fb15,53c9642d-dc47-4639-8acf-25dc830cb327,"['https://example.com/images/74a101b9-7fe2-4cc9-865c-b61203c3fb15_1.jpg', 'https://example.com/images/74a101b9-7fe2-4cc9-865c-b61203c3fb15_2.jpg']",cat_beau_04,"['beauty & personal care', 'the derma co', 'india', 'trending']"
2026-02-23 16:24:39,20638.86,28848.13,4.1,3314,125,Bestseller,"{""Brand"": ""Havells"", ""Color"": ""Silver"", ""Warranty"": ""1 Year"", ""Material"": ""Glass""}",2026-02-14 16:24:39,RetailNet,havells-electric-kettle-9318,Havells Electric Kettle,High quality Havells Electric Kettle from Havells. Perfect for daily use. This Electric Kettle is highly rated and recommended for customers in India.,773cfa82-8b40-4990-8c66-5ddf8715f5ea,ee1786f9-c80e-4e5e-869a-24a355941015,"['https://example.com/images/773cfa82-8b40-4990-8c66-5ddf8715f5ea_1.jpg', 'https://example.com/images/773cfa82-8b40-4990-8c66-5ddf8715f5ea_2.jpg']",cat_home_02,"['home & kitchen', 'havells', 'india', 'trending']"
2026-02-20 16:24:39,65558.24,87694.4,4.8,3300,72,Amazon's Choice,"{""Brand"": ""Dell"", ""Color"": ""Red"", ""Warranty"": ""2 Year"", ""Material"": ""Glass""}",2026-02-04 16:24:39,Cloudtail India,dell-power-bank-max-8214,Dell Power Bank Max,High quality Dell Power Bank Max from Dell. Perfect for daily use. This Power Bank is highly rated and recommended for customers in India.,cc2a6c77-9867-4401-bac0-0d3eea94d018,e237c3eb-2234-484e-b40e-5f0e329790eb,"['https://example.com/images/cc2a6c77-9867-4401-bac0-0d3eea94d018_1.jpg', 'https://example.com/images/cc2a6c77-9867-4401-bac0-0d3eea94d018_2.jpg']",cat_elec_01,"['electronics', 'dell', 'india', 'trending']"
2025-05-05 16:24:39,12667.64,18542.09,4.9,1990,197,Bestseller,"{""Brand"": ""Allen Solly"", ""Color"": ""Silver"", ""Warranty"": ""1 Year"", ""Material"": ""Plastic""}",2025-04-09 16:24:39,Cocoblu Retail,allen-solly-leather-wallet-3971,Allen Solly Leather Wallet,High quality Allen Solly Leather Wallet from Allen Solly. Perfect for daily use. This Leather Wallet is highly rated and recommended for customers in India.,6a8e1150-a5e1-4697-80e5-f4d2eca33856,9e266d46-5ec0-434f-8f3a-769c6bdc6505,"['https://example.com/images/6a8e1150-a5e1-4697-80e5-f4d2eca33856_1.jpg', 'https://example.com/images/6a8e1150-a5e1-4697-80e5-f4d2eca33856_2.jpg']",cat_fash_03,"['fashion', 'allen solly', 'india', 'trending']"
2026-03-24 16:24:39,16135.27,22934.3,4.7,2502,103,Bestseller,"{""Brand"": ""Puma"", ""Color"": ""Silver"", ""Warranty"": ""1 Year"", ""Material"": ""Glass""}",2026-02-23 16:24:39,Appario Retail Private Ltd,puma-cotton-t-shirt-6436,Puma Cotton T-shirt,High quality Puma Cotton T-shirt from Puma. Perfect for daily use. This Cotton T-shirt is highly rated and recommended for customers in India.,35f1a201-3608-46ad-bd7a-76dbe7cd8c67,89772c7b-7a37-4efd-b01f-c04b1cea38d5,"['https://example.com/images/35f1a201-3608-46ad-bd7a-76dbe7cd8c67_1.jpg', 'https://example.com/images/35f1a201-3608-46ad-bd7a-76dbe7cd8c67_2.jpg']",cat_fash_03,"['fashion', 'puma', 'india', 'trending']"
2025-03-29 16:24:39,42043.69,48178.09,3.8,369,147,Amazon's Choice,"{""Brand"": ""Aashirvaad"", ""Color"": ""Silver"", ""Warranty"": ""2 Year"", ""Material"": ""Plastic""}",2025-03-12 16:24:39,SuperComNet,aashirvaad-organic-honey-4398,Aashirvaad Organic Honey,High quality Aashirvaad Organic Honey from Aashirvaad. Perfect for daily use. This Organic Honey is highly rated and recommended for customers in India.,c332cbb6-b039-4536-b779-909106f1a6dd,936d1d46-8faa-4107-9220-240ca9a31fbe,"['https://example.com/images/c332cbb6-b039-4536-b779-909106f1a6dd_1.jpg', 'https://example.com/images/c332cbb6-b039-4536-b779-909106f1a6dd_2.jpg']",cat_groc_05,"['grocery', 'aashirvaad', 'india', 'trending']"
2025-08-31 16:24:39,2846.14,3255.22,4.8,2384,14,Bestseller,"{""Brand"": ""Pigeon"", ""Color"": ""White"", ""Warranty"": ""2 Year"", ""Material"": ""Plastic""}",2025-08-01 16:24:39,RetailNet,pigeon-electric-kettle-7623,Pigeon Electric Kettle,High quality Pigeon Electric Kettle from Pigeon. Perfect for daily use. This Electric Kettle is highly rated and recommended for customers in India.,2b8f5f34-2340-4287-ba9f-290599f4d6a5,71bf653f-52df-4285-a9c0-97f049747824,"['https://example.com/images/2b8f5f34-2340-4287-ba9f-290599f4d6a5_1.jpg', 'https://example.com/images/2b8f5f34-2340-4287-ba9f-290599f4d6a5_2.jpg']",cat_home_02,"['home & kitchen', 'pigeon', 'india', 'trending']"
2025-08-18 16:24:39,21709.13,29082.29,4.6,557,8,Amazon's Choice,"{""Brand"": ""L'Oreal"", ""Color"": ""Red"", ""Warranty"": ""2 Year"", ""Material"": ""Plastic""}",2025-08-12 16:24:39,SuperComNet,l'oreal-matte-lipstick-1408,L'Oreal Matte Lipstick,High quality L'Oreal Matte Lipstick from L'Oreal. Perfect for daily use. This Matte Lipstick is highly rated and recommended for customers in India.,0310c2b5-b612-41a7-aed2-4ed4921dc07c,351b3559-6475-4570-abb6-6d7f85b95a95,"['https://example.com/images/0310c2b5-b612-41a7-aed2-4ed4921dc07c_1.jpg', 'https://example.com/images/0310c2b5-b612-41a7-aed2-4ed4921dc07c_2.jpg']",cat_beau_04,"['beauty & personal care', ""l'oreal"", 'india', 'trending']"
2025-11-06 16:24:39,4104.58,4854.74,4.6,3395,71,Bestseller,"{""Brand"": ""Aashirvaad"", ""Color"": ""Black"", ""Warranty"": ""2 Year"", ""Material"": ""Metal""}",2025-10-28 16:24:39,SuperComNet,aashirvaad-almonds-4855,Aashirvaad Almonds,High quality Aashirvaad Almonds from Aashirvaad. Perfect for daily use. This Almonds is highly rated and recommended for customers in India.,918552f1-789a-4a02-b40c-be99e2acead6,48594c0a-004f-4ff3-871c-a76ca72265ee,"['https://example.com/images/918552f1-789a-4a02-b40c-be99e2acead6_1.jpg', 'https://example.com/images/918552f1-789a-4a02-b40c-be99e2acead6_2.jpg']",cat_groc_05,"['grocery', 'aashirvaad', 'india', 'trending']"
2025-07-21 16:24:39,51845.51,57941.06,4.5,4987,75,Bestseller,"{""Brand"": ""Puma"", ""Color"": ""Red"", ""Warranty"": ""2 Year"", ""Material"": ""Cotton""}",2025-06-21 16:24:39,Appario Retail Private Ltd,puma-running-shoes-2700,Puma Running Shoes,High quality Puma Running Shoes from Puma. Perfect for daily use. This Running Shoes is highly rated and recommended for customers in India.,763ab9bb-5d13-46a0-b5d3-db58cb33c835,bde10b0f-f3fa-4ac9-ad47-98fbc7699fa0,"['https://example.com/images/763ab9bb-5d13-46a0-b5d3-db58cb33c835_1.jpg', 'https://example.com/images/763ab9bb-5d13-46a0-b5d3-db58cb33c835_2.jpg']",cat_fash_03,"['fashion', 'puma', 'india', 'trending']"
2025-12-22 16:24:39,70117.69,101431.96,4.9,774,108,Amazon's Choice,"{""Brand"": ""Nivea"", ""Color"": ""Silver"", ""Warranty"": ""1 Year"", ""Material"": ""Cotton""}",2025-11-22 16:24:39,SuperComNet,nivea-perfume-6344,Nivea Perfume,High quality Nivea Perfume from Nivea. Perfect for daily use. This Perfume is highly rated and recommended for customers in India.,5bd4ceed-ec96-43c7-b821-33d546044446,d7925f57-7d1a-4dc5-bab2-9f0bc41c81aa,"['https://example.com/images/5bd4ceed-ec96-43c7-b821-33d546044446_1.jpg', 'https://example.com/images/5bd4ceed-ec96-43c7-b821-33d546044446_2.jpg']",cat_beau_04,"['beauty & personal care', 'nivea', 'india', 'trending']"
2025-06-22 16:24:39,64079.41,79449.96,3.6,4036,53,Bestseller,"{""Brand"": ""Happilo"", ""Color"": ""Silver"", ""Warranty"": ""1 Year"", ""Material"": ""Metal""}",2025-05-27 16:24:39,Cocoblu Retail,happilo-almonds-1080,Happilo Almonds,High quality Happilo Almonds from Happilo. Perfect for daily use. This Almonds is highly rated and recommended for customers in India.,e31668f5-8bb9-4502-b3de-3f76be7ad012,123687bc-bf7e-408c-a7fa-ec89173bfd9c,"['https://example.com/images/e31668f5-8bb9-4502-b3de-3f76be7ad012_1.jpg', 'https://example.com/images/e31668f5-8bb9-4502-b3de-3f76be7ad012_2.jpg']",cat_groc_05,"['grocery', 'happilo', 'india', 'trending']"
2026-01-06 16:24:39,40995.61,45108.09,3.7,1939,143,,"{""Brand"": ""Dell"", ""Color"": ""Black"", ""Warranty"": ""2 Year"", ""Material"": ""Metal""}",2025-12-18 16:24:39,Appario Retail Private Ltd,dell-wireless-earbuds-ultra-9471,Dell Wireless Earbuds Ultra,High quality Dell Wireless Earbuds Ultra from Dell. Perfect for daily use. This Wireless Earbuds is highly rated and recommended for customers in India.,aab63ab8-f718-4676-931a-16329bd931da,cd90b1f1-5a99-4356-875b-4d9608b21f5c,"['https://example.com/images/aab63ab8-f718-4676-931a-16329bd931da_1.jpg', 'https://example.com/images/aab63ab8-f718-4676-931a-16329bd931da_2.jpg']",cat_elec_01,"['electronics', 'dell', 'india', 'trending']"
2026-01-16 16:24:39,20510.98,27358.92,4.4,2472,158,Limited Time Deal,"{""Brand"": ""Happilo"", ""Color"": ""Red"", ""Warranty"": ""1 Year"", ""Material"": ""Glass""}",2026-01-14 16:24:39,SuperComNet,happilo-olive-oil-1956,Happilo Olive Oil,High quality Happilo Olive Oil from Happilo. Perfect for daily use. This Olive Oil is highly rated and recommended for customers in India.,6d90c54d-6c43-4c84-9077-d79a62d9d30e,280c510f-451a-4cad-8def-abadc3bc39e4,"['https://example.com/images/6d90c54d-6c43-4c84-9077-d79a62d9d30e_1.jpg', 'https://example.com/images/6d90c54d-6c43-4c84-9077-d79a62d9d30e_2.jpg']",cat_groc_05,"['grocery', 'happilo', 'india', 'trending']"
2026-03-30 16:24:39,49732.39,71923.44,4.8,4596,158,Bestseller,"{""Brand"": ""Levis"", ""Color"": ""Black"", ""Warranty"": ""1 Year"", ""Material"": ""Plastic""}",2026-03-01 16:24:39,Appario Retail Private Ltd,levis-running-shoes-4666,Levis Running Shoes,High quality Levis Running Shoes from Levis. Perfect for daily use. This Running Shoes is highly rated and recommended for customers in India.,b9aa4a85-9717-4ac7-91f3-a53ca08756a7,48acbcbb-db1d-4f57-a2c7-4653d1369acb,"['https://example.com/images/b9aa4a85-9717-4ac7-91f3-a53ca08756a7_1.jpg', 'https://example.com/images/b9aa4a85-9717-4ac7-91f3-a53ca08756a7_2.jpg']",cat_fash_03,"['fashion', 'levis', 'india', 'trending']"
2025-10-27 16:24:39,64452.92,87321.83,3.9,2664,161,Amazon's Choice,"{""Brand"": ""Prestige"", ""Color"": ""Silver"", ""Warranty"": ""1 Year"", ""Material"": ""Plastic""}",2025-10-19 16:24:39,Appario Retail Private Ltd,prestige-air-purifier-2938,Prestige Air Purifier,High quality Prestige Air Purifier from Prestige. Perfect for daily use. This Air Purifier is highly rated and recommended for customers in India.,b87910e9-eb51-49e2-bd9d-d0e543a2354e,8e1afd2f-a753-48bf-a0bd-aa5e79843738,"['https://example.com/images/b87910e9-eb51-49e2-bd9d-d0e543a2354e_1.jpg', 'https://example.com/images/b87910e9-eb51-49e2-bd9d-d0e543a2354e_2.jpg']",cat_home_02,"['home & kitchen', 'prestige', 'india', 'trending']"
2026-03-02 16:24:39,46357.91,66203.31,4.1,4497,182,Amazon's Choice,"{""Brand"": ""Pigeon"", ""Color"": ""Red"", ""Warranty"": ""1 Year"", ""Material"": ""Plastic""}",2026-02-26 16:24:39,SuperComNet,pigeon-air-purifier-6213,Pigeon Air Purifier,High quality Pigeon Air Purifier from Pigeon. Perfect for daily use. This Air Purifier is highly rated and recommended for customers in India.,713a8b2a-0109-49b9-9a65-82f89b7ced94,8eee3a5a-9a82-402d-9027-78b125ba8b63,"['https://example.com/images/713a8b2a-0109-49b9-9a65-82f89b7ced94_1.jpg', 'https://example.com/images/713a8b2a-0109-49b9-9a65-82f89b7ced94_2.jpg']",cat_home_02,"['home & kitchen', 'pigeon', 'india', 'trending']"
2025-05-21 16:24:39,72191.66,99380.32,4.9,4976,50,,"{""Brand"": ""The Derma Co"", ""Color"": ""Silver"", ""Warranty"": ""1 Year"", ""Material"": ""Glass""}",2025-05-05 16:24:39,RetailNet,the-derma-co-hair-oil-6797,The Derma Co Hair Oil,High quality The Derma Co Hair Oil from The Derma Co. Perfect for daily use. This Hair Oil is highly rated and recommended for customers in India.,fb814d0a-31e3-4c5f-bcb5-033dd2fce2d5,5ea96f5c-ab24-41ff-9b27-11f9163bc3e7,"['https://example.com/images/fb814d0a-31e3-4c5f-bcb5-033dd2fce2d5_1.jpg', 'https://example.com/images/fb814d0a-31e3-4c5f-bcb5-033dd2fce2d5_2.jpg']",cat_beau_04,"['beauty & personal care', 'the derma co', 'india', 'trending']"
2025-11-15 16:24:39,51584.02,66342.55,4.1,1315,51,Amazon's Choice,"{""Brand"": ""Dell"", ""Color"": ""Red"", ""Warranty"": ""1 Year"", ""Material"": ""Metal""}",2025-11-08 16:24:39,RetailNet,dell-power-bank-ultra-9771,Dell Power Bank Ultra,High quality Dell Power Bank Ultra from Dell. Perfect for daily use. This Power Bank is highly rated and recommended for customers in India.,82124ac1-1fda-40e4-ac97-022f89d14359,a2ad1336-4071-4561-9812-3ac4c0c6b023,"['https://example.com/images/82124ac1-1fda-40e4-ac97-022f89d14359_1.jpg', 'https://example.com/images/82124ac1-1fda-40e4-ac97-022f89d14359_2.jpg']",cat_elec_01,"['electronics', 'dell', 'india', 'trending']"
2026-01-13 16:24:39,29767.34,35636.67,3.5,4055,42,Bestseller,"{""Brand"": ""Prestige"", ""Color"": ""Red"", ""Warranty"": ""2 Year"", ""Material"": ""Cotton""}",2026-01-08 16:24:39,SuperComNet,prestige-cookware-set-6144,Prestige Cookware Set,High quality Prestige Cookware Set from Prestige. Perfect for daily use. This Cookware Set is highly rated and recommended for customers in India.,a7d00b89-eb61-433b-b516-bbed10804ef7,41eb84a4-db2d-4925-852d-2c128910e024,"['https://example.com/images/a7d00b89-eb61-433b-b516-bbed10804ef7_1.jpg', 'https://example.com/images/a7d00b89-eb61-433b-b516-bbed10804ef7_2.jpg']",cat_home_02,"['home & kitchen', 'prestige', 'india', 'trending']"
2026-03-04 16:24:39,56214.23,73779.31,4.2,2580,119,Amazon's Choice,"{""Brand"": ""Happilo"", ""Color"": ""White"", ""Warranty"": ""1 Year"", ""Material"": ""Plastic""}",2026-02-06 16:24:39,SuperComNet,happilo-basmati-rice-1990,Happilo Basmati Rice,High quality Happilo Basmati Rice from Happilo. Perfect for daily use. This Basmati Rice is highly rated and recommended for customers in India.,01505641-d42c-4073-8c70-ff7fb0484f6f,8283ed12-16a9-40c3-9618-780db04f33da,"['https://example.com/images/01505641-d42c-4073-8c70-ff7fb0484f6f_1.jpg', 'https://example.com/images/01505641-d42c-4073-8c70-ff7fb0484f6f_2.jpg']",cat_groc_05,"['grocery', 'happilo', 'india', 'trending']"
2025-07-17 16:24:39,9229.65,12706.86,3.6,3113,84,,"{""Brand"": ""FabIndia"", ""Color"": ""Silver"", ""Warranty"": ""1 Year"", ""Material"": ""Plastic""}",2025-07-11 16:24:39,Appario Retail Private Ltd,fabindia-running-shoes-8926,FabIndia Running Shoes,High quality FabIndia Running Shoes from FabIndia. Perfect for daily use. This Running Shoes is highly rated and recommended for customers in India.,520d3e47-383c-441f-ba45-cb2d94fbabad,0cfba9c9-d51a-4276-a6fe-b069eaa62648,"['https://example.com/images/520d3e47-383c-441f-ba45-cb2d94fbabad_1.jpg', 'https://example.com/images/520d3e47-383c-441f-ba45-cb2d94fbabad_2.jpg']",cat_fash_03,"['fashion', 'fabindia', 'india', 'trending']"
2025-08-22 16:24:39,64983.39,90796.63,4.8,2282,199,Amazon's Choice,"{""Brand"": ""Tata Sampann"", ""Color"": ""Black"", ""Warranty"": ""2 Year"", ""Material"": ""Metal""}",2025-08-12 16:24:39,Appario Retail Private Ltd,tata-sampann-organic-honey-5017,Tata Sampann Organic Honey,High quality Tata Sampann Organic Honey from Tata Sampann. Perfect for daily use. This Organic Honey is highly rated and recommended for customers in India.,0ff656ff-8311-4015-b21a-377c37b7a06d,019b2d09-25dc-418c-a5cd-f8218eb91bd4,"['https://example.com/images/0ff656ff-8311-4015-b21a-377c37b7a06d_1.jpg', 'https://example.com/images/0ff656ff-8311-4015-b21a-377c37b7a06d_2.jpg']",cat_groc_05,"['grocery', 'tata sampann', 'india', 'trending']"
2026-01-24 16:24:39,4399.82,6555.13,3.8,3077,72,Bestseller,"{""Brand"": ""Puma"", ""Color"": ""White"", ""Warranty"": ""1 Year"", ""Material"": ""Plastic""}",2026-01-18 16:24:39,Cloudtail India,puma-cotton-t-shirt-9469,Puma Cotton T-shirt,High quality Puma Cotton T-shirt from Puma. Perfect for daily use. This Cotton T-shirt is highly rated and recommended for customers in India.,2978f6c6-5697-48ea-a2e9-d32eb20e59d5,f7632f6c-5e59-46bf-8722-1fbeff2c2b59,"['https://example.com/images/2978f6c6-5697-48ea-a2e9-d32eb20e59d5_1.jpg', 'https://example.com/images/2978f6c6-5697-48ea-a2e9-d32eb20e59d5_2.jpg']",cat_fash_03,"['fashion', 'puma', 'india', 'trending']"
2026-02-27 16:24:39,76089.0,85881.19,4.6,3514,51,Amazon's Choice,"{""Brand"": ""Tata Sampann"", ""Color"": ""Red"", ""Warranty"": ""2 Year"", ""Material"": ""Glass""}",2026-02-23 16:24:39,Cloudtail India,tata-sampann-almonds-4151,Tata Sampann Almonds,High quality Tata Sampann Almonds from Tata Sampann. Perfect for daily use. This Almonds is highly rated and recommended for customers in India.,fa6c6c79-e828-42fb-9044-b8be549f5810,b08892b1-83f1-41e8-a9ef-924fc4656604,"['https://example.com/images/fa6c6c79-e828-42fb-9044-b8be549f5810_1.jpg', 'https://example.com/images/fa6c6c79-e828-42fb-9044-b8be549f5810_2.jpg']",cat_groc_05,"['grocery', 'tata sampann', 'india', 'trending']"
2026-03-23 16:24:39,73302.15,106253.44,3.7,267,132,,"{""Brand"": ""Biba"", ""Color"": ""Black"", ""Warranty"": ""1 Year"", ""Material"": ""Glass""}",2026-02-24 16:24:39,Appario Retail Private Ltd,biba-denim-jeans-7575,Biba Denim Jeans,High quality Biba Denim Jeans from Biba. Perfect for daily use. This Denim Jeans is highly rated and recommended for customers in India.,6fbe24d8-ba30-47ce-b4d2-32f46ad5717d,609e9b98-ef87-43ea-a881-a0e53ce41d1d,"['https://example.com/images/6fbe24d8-ba30-47ce-b4d2-32f46ad5717d_1.jpg', 'https://example.com/images/6fbe24d8-ba30-47ce-b4d2-32f46ad5717d_2.jpg']",cat_fash_03,"['fashion', 'biba', 'india', 'trending']"
2026-01-15 16:24:39,39039.19,44930.68,4.1,1203,70,Bestseller,"{""Brand"": ""Prestige"", ""Color"": ""Black"", ""Warranty"": ""1 Year"", ""Material"": ""Metal""}",2025-12-25 16:24:39,RetailNet,prestige-mixer-grinder-2851,Prestige Mixer Grinder,High quality Prestige Mixer Grinder from Prestige. Perfect for daily use. This Mixer Grinder is highly rated and recommended for customers in India.,18840604-8ea4-41b5-a55f-16c5195807a3,331982bb-3487-40cb-ae5b-19de855383f3,"['https://example.com/images/18840604-8ea4-41b5-a55f-16c5195807a3_1.jpg', 'https://example.com/images/18840604-8ea4-41b5-a55f-16c5195807a3_2.jpg']",cat_home_02,"['home & kitchen', 'prestige', 'india', 'trending']"
2026-02-21 16:24:39,60207.76,73277.16,4.7,3514,11,Bestseller,"{""Brand"": ""Lakme"", ""Color"": ""Blue"", ""Warranty"": ""1 Year"", ""Material"": ""Cotton""}",2026-01-25 16:24:39,RetailNet,lakme-perfume-2757,Lakme Perfume,High quality Lakme Perfume from Lakme. Perfect for daily use. This Perfume is highly rated and recommended for customers in India.,3875d89c-fae1-4ed4-b37e-2b9e18f440be,0a9daea8-3df8-4e53-a745-fe90aac83ebb,"['https://example.com/images/3875d89c-fae1-4ed4-b37e-2b9e18f440be_1.jpg', 'https://example.com/images/3875d89c-fae1-4ed4-b37e-2b9e18f440be_2.jpg']",cat_beau_04,"['beauty & personal care', 'lakme', 'india', 'trending']"
2025-05-23 16:24:39,21752.15,25648.34,4.2,3941,5,,"{""Brand"": ""Levis"", ""Color"": ""Black"", ""Warranty"": ""1 Year"", ""Material"": ""Plastic""}",2025-05-23 16:24:39,Cloudtail India,levis-cotton-t-shirt-6855,Levis Cotton T-shirt,High quality Levis Cotton T-shirt from Levis. Perfect for daily use. This Cotton T-shirt is highly rated and recommended for customers in India.,8e97ff2b-3523-446b-a81c-bc0cd791f83f,240b6e68-96c7-454c-b8ae-a7b0ad47c622,"['https://example.com/images/8e97ff2b-3523-446b-a81c-bc0cd791f83f_1.jpg', 'https://example.com/images/8e97ff2b-3523-446b-a81c-bc0cd791f83f_2.jpg']",cat_fash_03,"['fashion', 'levis', 'india', 'trending']"
2025-09-07 16:24:39,44966.64,59847.49,4.7,2984,63,Amazon's Choice,"{""Brand"": ""HP"", ""Color"": ""Black"", ""Warranty"": ""1 Year"", ""Material"": ""Plastic""}",2025-08-15 16:24:39,SuperComNet,hp-laptop-v2-5314,HP Laptop v2,High quality HP Laptop v2 from HP. Perfect for daily use. This Laptop is highly rated and recommended for customers in India.,b770708a-d957-45ca-98ac-5e3562c57d63,ce72c7be-f05d-4318-a196-5dd0bf38b8e6,"['https://example.com/images/b770708a-d957-45ca-98ac-5e3562c57d63_1.jpg', 'https://example.com/images/b770708a-d957-45ca-98ac-5e3562c57d63_2.jpg']",cat_elec_01,"['electronics', 'hp', 'india', 'trending']"
2026-02-28 16:24:39,13446.08,17399.52,3.9,3904,123,Amazon's Choice,"{""Brand"": ""L'Oreal"", ""Color"": ""Silver"", ""Warranty"": ""2 Year"", ""Material"": ""Metal""}",2026-02-03 16:24:39,Cloudtail India,l'oreal-sunscreen-3433,L'Oreal Sunscreen,High quality L'Oreal Sunscreen from L'Oreal. Perfect for daily use. This Sunscreen is highly rated and recommended for customers in India.,fa6853aa-06c3-48a4-9729-da1990b5d5df,448b1c7f-3736-4612-aa52-da9325c747f5,"['https://example.com/images/fa6853aa-06c3-48a4-9729-da1990b5d5df_1.jpg', 'https://example.com/images/fa6853aa-06c3-48a4-9729-da1990b5d5df_2.jpg']",cat_beau_04,"['beauty & personal care', ""l'oreal"", 'india', 'trending']"
2025-11-12 16:24:39,60238.17,71602.11,4.1,1311,200,Limited Time Deal,"{""Brand"": ""The Derma Co"", ""Color"": ""Silver"", ""Warranty"": ""2 Year"", ""Material"": ""Plastic""}",2025-10-31 16:24:39,Cloudtail India,the-derma-co-matte-lipstick-9535,The Derma Co Matte Lipstick,High quality The Derma Co Matte Lipstick from The Derma Co. Perfect for daily use. This Matte Lipstick is highly rated and recommended for customers in India.,a6af9978-b90c-4e54-9d9c-ac23ebc368a3,7c360f50-d666-4a8a-bc88-830bb4382ed4,"['https://example.com/images/a6af9978-b90c-4e54-9d9c-ac23ebc368a3_1.jpg', 'https://example.com/images/a6af9978-b90c-4e54-9d9c-ac23ebc368a3_2.jpg']",cat_beau_04,"['beauty & personal care', 'the derma co', 'india', 'trending']"
2025-06-06 16:24:39,60255.39,79097.17,3.7,2437,81,Amazon's Choice,"{""Brand"": ""L'Oreal"", ""Color"": ""Silver"", ""Warranty"": ""2 Year"", ""Material"": ""Cotton""}",2025-06-06 16:24:39,Appario Retail Private Ltd,l'oreal-matte-lipstick-9954,L'Oreal Matte Lipstick,High quality L'Oreal Matte Lipstick from L'Oreal. Perfect for daily use. This Matte Lipstick is highly rated and recommended for customers in India.,be53af48-c50f-4cb8-8d15-770805d4f0e6,b4ed112c-0644-4d78-9903-008ef7952572,"['https://example.com/images/be53af48-c50f-4cb8-8d15-770805d4f0e6_1.jpg', 'https://example.com/images/be53af48-c50f-4cb8-8d15-770805d4f0e6_2.jpg']",cat_beau_04,"['beauty & personal care', ""l'oreal"", 'india', 'trending']"
2025-06-18 16:24:39,47124.98,62479.81,4.2,3019,161,Limited Time Deal,"{""Brand"": ""Bajaj"", ""Color"": ""Black"", ""Warranty"": ""2 Year"", ""Material"": ""Plastic""}",2025-06-05 16:24:39,RetailNet,bajaj-mixer-grinder-6734,Bajaj Mixer Grinder,High quality Bajaj Mixer Grinder from Bajaj. Perfect for daily use. This Mixer Grinder is highly rated and recommended for customers in India.,4473e7b7-b0b5-4d7d-8329-576bb4ae59c1,ce309cab-cf00-4067-bda8-8c8d2735f41c,"['https://example.com/images/4473e7b7-b0b5-4d7d-8329-576bb4ae59c1_1.jpg', 'https://example.com/images/4473e7b7-b0b5-4d7d-8329-576bb4ae59c1_2.jpg']",cat_home_02,"['home & kitchen', 'bajaj', 'india', 'trending']"
2026-03-20 16:24:39,57857.97,79920.99,3.6,256,81,Bestseller,"{""Brand"": ""Apple"", ""Color"": ""Red"", ""Warranty"": ""1 Year"", ""Material"": ""Glass""}",2026-02-26 16:24:39,Cocoblu Retail,apple-smartphone-lite-4525,Apple Smartphone Lite,High quality Apple Smartphone Lite from Apple. Perfect for daily use. This Smartphone is highly rated and recommended for customers in India.,1dc01f70-8ce4-4adb-9215-375a056d9442,67167e09-0ac7-4fbf-a782-346441a51305,"['https://example.com/images/1dc01f70-8ce4-4adb-9215-375a056d9442_1.jpg', 'https://example.com/images/1dc01f70-8ce4-4adb-9215-375a056d9442_2.jpg']",cat_elec_01,"['electronics', 'apple', 'india', 'trending']"
2026-01-26 16:24:39,57350.59,75701.81,3.8,2720,85,,"{""Brand"": ""Havells"", ""Color"": ""White"", ""Warranty"": ""1 Year"", ""Material"": ""Glass""}",2026-01-07 16:24:39,Cocoblu Retail,havells-mixer-grinder-5564,Havells Mixer Grinder,High quality Havells Mixer Grinder from Havells. Perfect for daily use. This Mixer Grinder is highly rated and recommended for customers in India.,8b97bb95-d836-4485-b2b6-a992c1405296,bee13201-06de-4965-a2fe-24207fdd9bde,"['https://example.com/images/8b97bb95-d836-4485-b2b6-a992c1405296_1.jpg', 'https://example.com/images/8b97bb95-d836-4485-b2b6-a992c1405296_2.jpg']",cat_home_02,"['home & kitchen', 'havells', 'india', 'trending']"
2025-10-05 16:24:39,33866.5,38997.02,4.5,1591,60,Amazon's Choice,"{""Brand"": ""Mamaearth"", ""Color"": ""White"", ""Warranty"": ""1 Year"", ""Material"": ""Plastic""}",2025-09-06 16:24:39,Appario Retail Private Ltd,mamaearth-sunscreen-9090,Mamaearth Sunscreen,High quality Mamaearth Sunscreen from Mamaearth. Perfect for daily use. This Sunscreen is highly rated and recommended for customers in India.,55958698-b340-4ad9-805d-4f1149b90fc9,a6567cae-80f8-4140-843a-e98e4d920d41,"['https://example.com/images/55958698-b340-4ad9-805d-4f1149b90fc9_1.jpg', 'https://example.com/images/55958698-b340-4ad9-805d-4f1149b90fc9_2.jpg']",cat_beau_04,"['beauty & personal care', 'mamaearth', 'india', 'trending']"
2025-04-08 16:24:39,6944.8,9396.38,4.2,4981,89,Bestseller,"{""Brand"": ""Pigeon"", ""Color"": ""Black"", ""Warranty"": ""2 Year"", ""Material"": ""Glass""}",2025-03-25 16:24:39,Cocoblu Retail,pigeon-cookware-set-4540,Pigeon Cookware Set,High quality Pigeon Cookware Set from Pigeon. Perfect for daily use. This Cookware Set is highly rated and recommended for customers in India.,633c0f63-ffac-4a67-a462-feca9bc0739b,b8f7fdbe-0f46-437a-859a-9b18ae6e778d,"['https://example.com/images/633c0f63-ffac-4a67-a462-feca9bc0739b_1.jpg', 'https://example.com/images/633c0f63-ffac-4a67-a462-feca9bc0739b_2.jpg']",cat_home_02,"['home & kitchen', 'pigeon', 'india', 'trending']"
2025-06-19 16:24:39,34788.7,47988.89,4.9,2513,170,Amazon's Choice,"{""Brand"": ""The Derma Co"", ""Color"": ""Red"", ""Warranty"": ""2 Year"", ""Material"": ""Cotton""}",2025-05-31 16:24:39,Cloudtail India,the-derma-co-perfume-2036,The Derma Co Perfume,High quality The Derma Co Perfume from The Derma Co. Perfect for daily use. This Perfume is highly rated and recommended for customers in India.,2470f943-78fc-4ae6-a13a-e5491b64c229,e3d62641-fa3d-4326-a75b-2752ea1721f7,"['https://example.com/images/2470f943-78fc-4ae6-a13a-e5491b64c229_1.jpg', 'https://example.com/images/2470f943-78fc-4ae6-a13a-e5491b64c229_2.jpg']",cat_beau_04,"['beauty & personal care', 'the derma co', 'india', 'trending']"
2025-04-27 16:24:39,79578.6,111609.69,4.3,2133,136,Limited Time Deal,"{""Brand"": ""Nivea"", ""Color"": ""Silver"", ""Warranty"": ""2 Year"", ""Material"": ""Cotton""}",2025-04-14 16:24:39,Cocoblu Retail,nivea-matte-lipstick-9382,Nivea Matte Lipstick,High quality Nivea Matte Lipstick from Nivea. Perfect for daily use. This Matte Lipstick is highly rated and recommended for customers in India.,ebec7add-fa6d-40f4-8559-799b90612987,b16d9a20-15b9-40e6-9e01-ebbe06273ab6,"['https://example.com/images/ebec7add-fa6d-40f4-8559-799b90612987_1.jpg', 'https://example.com/images/ebec7add-fa6d-40f4-8559-799b90612987_2.jpg']",cat_beau_04,"['beauty & personal care', 'nivea', 'india', 'trending']"
2025-12-09 16:24:39,58571.47,85064.81,4.1,2846,162,Limited Time Deal,"{""Brand"": ""FabIndia"", ""Color"": ""Silver"", ""Warranty"": ""2 Year"", ""Material"": ""Cotton""}",2025-11-15 16:24:39,Appario Retail Private Ltd,fabindia-denim-jeans-6359,FabIndia Denim Jeans,High quality FabIndia Denim Jeans from FabIndia. Perfect for daily use. This Denim Jeans is highly rated and recommended for customers in India.,0d8ab906-faaf-403c-ac07-cd8621754dd3,3b5317b4-a35f-40da-ab51-d1b055835132,"['https://example.com/images/0d8ab906-faaf-403c-ac07-cd8621754dd3_1.jpg', 'https://example.com/images/0d8ab906-faaf-403c-ac07-cd8621754dd3_2.jpg']",cat_fash_03,"['fashion', 'fabindia', 'india', 'trending']"
2025-06-06 16:24:39,66432.57,84890.92,3.8,399,120,Amazon's Choice,"{""Brand"": ""Happilo"", ""Color"": ""White"", ""Warranty"": ""2 Year"", ""Material"": ""Plastic""}",2025-05-26 16:24:39,Cloudtail India,happilo-olive-oil-5908,Happilo Olive Oil,High quality Happilo Olive Oil from Happilo. Perfect for daily use. This Olive Oil is highly rated and recommended for customers in India.,570a8af8-0d85-4310-9a7f-7a399bfda091,211d214f-ef26-4b3c-9539-522886f5a2c9,"['https://example.com/images/570a8af8-0d85-4310-9a7f-7a399bfda091_1.jpg', 'https://example.com/images/570a8af8-0d85-4310-9a7f-7a399bfda091_2.jpg']",cat_groc_05,"['grocery', 'happilo', 'india', 'trending']"
2025-12-05 16:24:39,38219.19,50393.08,4.5,3637,118,Amazon's Choice,"{""Brand"": ""The Derma Co"", ""Color"": ""Red"", ""Warranty"": ""2 Year"", ""Material"": ""Plastic""}",2025-11-18 16:24:39,SuperComNet,the-derma-co-perfume-1544,The Derma Co Perfume,High quality The Derma Co Perfume from The Derma Co. Perfect for daily use. This Perfume is highly rated and recommended for customers in India.,6870dcdd-9ed3-40c0-bebe-9818cef835b5,d2c5e92a-fe34-43f6-9fc5-056f66113a91,"['https://example.com/images/6870dcdd-9ed3-40c0-bebe-9818cef835b5_1.jpg', 'https://example.com/images/6870dcdd-9ed3-40c0-bebe-9818cef835b5_2.jpg']",cat_beau_04,"['beauty & personal care', 'the derma co', 'india', 'trending']"
2025-09-07 16:24:39,18330.28,24886.03,4.1,3746,77,Bestseller,"{""Brand"": ""Philips"", ""Color"": ""Red"", ""Warranty"": ""1 Year"", ""Material"": ""Cotton""}",2025-08-12 16:24:39,RetailNet,philips-air-purifier-4063,Philips Air Purifier,High quality Philips Air Purifier from Philips. Perfect for daily use. This Air Purifier is highly rated and recommended for customers in India.,a01615ec-0fdc-47cf-bf2b-a5fab4dd2706,727366ce-1aaa-4023-9959-ab2ba29e01d4,"['https://example.com/images/a01615ec-0fdc-47cf-bf2b-a5fab4dd2706_1.jpg', 'https://example.com/images/a01615ec-0fdc-47cf-bf2b-a5fab4dd2706_2.jpg']",cat_home_02,"['home & kitchen', 'philips', 'india', 'trending']"
2025-04-07 16:24:39,25305.14,33131.94,3.8,2211,193,,"{""Brand"": ""The Derma Co"", ""Color"": ""Red"", ""Warranty"": ""2 Year"", ""Material"": ""Cotton""}",2025-03-25 16:24:39,RetailNet,the-derma-co-hair-oil-4960,The Derma Co Hair Oil,High quality The Derma Co Hair Oil from The Derma Co. Perfect for daily use. This Hair Oil is highly rated and recommended for customers in India.,295e230c-9678-4295-80ad-4cf27320a750,baf6db73-1608-4598-a0ff-95b77b17e45f,"['https://example.com/images/295e230c-9678-4295-80ad-4cf27320a750_1.jpg', 'https://example.com/images/295e230c-9678-4295-80ad-4cf27320a750_2.jpg']",cat_beau_04,"['beauty & personal care', 'the derma co', 'india', 'trending']"
2026-02-19 16:24:39,78433.56,96542.91,4.5,1058,2,Bestseller,"{""Brand"": ""boAt"", ""Color"": ""Blue"", ""Warranty"": ""2 Year"", ""Material"": ""Glass""}",2026-02-12 16:24:39,SuperComNet,boat-smartwatch-pro-9041,boAt Smartwatch Pro,High quality boAt Smartwatch Pro from boAt. Perfect for daily use. This Smartwatch is highly rated and recommended for customers in India.,991f9cde-20a1-46b9-a163-a8e44a73a335,ce4ce06c-68b4-4e93-8255-0c8dcf1815ed,"['https://example.com/images/991f9cde-20a1-46b9-a163-a8e44a73a335_1.jpg', 'https://example.com/images/991f9cde-20a1-46b9-a163-a8e44a73a335_2.jpg']",cat_elec_01,"['electronics', 'boat', 'india', 'trending']"
2025-10-21 16:24:39,77757.02,90196.09,3.6,2174,162,Amazon's Choice,"{""Brand"": ""Dell"", ""Color"": ""Black"", ""Warranty"": ""1 Year"", ""Material"": ""Metal""}",2025-10-17 16:24:39,Cloudtail India,dell-laptop-pro-2328,Dell Laptop Pro,High quality Dell Laptop Pro from Dell. Perfect for daily use. This Laptop is highly rated and recommended for customers in India.,a0788804-481c-4f36-b76e-b4aa889a5078,28b43fa8-ce1b-409d-b01a-22de0467a846,"['https://example.com/images/a0788804-481c-4f36-b76e-b4aa889a5078_1.jpg', 'https://example.com/images/a0788804-481c-4f36-b76e-b4aa889a5078_2.jpg']",cat_elec_01,"['electronics', 'dell', 'india', 'trending']"
2025-12-26 16:24:39,56821.33,65873.48,4.3,1008,169,Amazon's Choice,"{""Brand"": ""Nivea"", ""Color"": ""White"", ""Warranty"": ""1 Year"", ""Material"": ""Metal""}",2025-12-18 16:24:39,RetailNet,nivea-perfume-3577,Nivea Perfume,High quality Nivea Perfume from Nivea. Perfect for daily use. This Perfume is highly rated and recommended for customers in India.,ae9e65b8-9928-4488-930f-bf8d4a4d4a73,b752c5c2-3f6c-45a6-94ee-026fc5bd3a0c,"['https://example.com/images/ae9e65b8-9928-4488-930f-bf8d4a4d4a73_1.jpg', 'https://example.com/images/ae9e65b8-9928-4488-930f-bf8d4a4d4a73_2.jpg']",cat_beau_04,"['beauty & personal care', 'nivea', 'india', 'trending']"
2026-01-30 16:24:39,78818.51,114335.09,4.0,404,190,Amazon's Choice,"{""Brand"": ""Levis"", ""Color"": ""Silver"", ""Warranty"": ""2 Year"", ""Material"": ""Cotton""}",2026-01-24 16:24:39,Cloudtail India,levis-running-shoes-8774,Levis Running Shoes,High quality Levis Running Shoes from Levis. Perfect for daily use. This Running Shoes is highly rated and recommended for customers in India.,bb62bd9c-9079-43a6-9e51-088462e69ee3,d7843fdb-58f0-4e92-a7cb-42abf83c7266,"['https://example.com/images/bb62bd9c-9079-43a6-9e51-088462e69ee3_1.jpg', 'https://example.com/images/bb62bd9c-9079-43a6-9e51-088462e69ee3_2.jpg']",cat_fash_03,"['fashion', 'levis', 'india', 'trending']"
2025-06-06 16:24:39,27693.12,34791.1,3.7,3764,100,,"{""Brand"": ""boAt"", ""Color"": ""Blue"", ""Warranty"": ""2 Year"", ""Material"": ""Plastic""}",2025-06-01 16:24:39,Appario Retail Private Ltd,boat-wireless-earbuds-ultra-1906,boAt Wireless Earbuds Ultra,High quality boAt Wireless Earbuds Ultra from boAt. Perfect for daily use. This Wireless Earbuds is highly rated and recommended for customers in India.,1b07bead-730c-476f-97fd-ddcfc28446e1,1d723fe9-5c02-437b-89f1-e48155602318,"['https://example.com/images/1b07bead-730c-476f-97fd-ddcfc28446e1_1.jpg', 'https://example.com/images/1b07bead-730c-476f-97fd-ddcfc28446e1_2.jpg']",cat_elec_01,"['electronics', 'boat', 'india', 'trending']"
2025-06-26 16:24:39,33739.27,41119.13,3.8,4367,146,Bestseller,"{""Brand"": ""Mamaearth"", ""Color"": ""Silver"", ""Warranty"": ""2 Year"", ""Material"": ""Metal""}",2025-06-24 16:24:39,Appario Retail Private Ltd,mamaearth-sunscreen-6633,Mamaearth Sunscreen,High quality Mamaearth Sunscreen from Mamaearth. Perfect for daily use. This Sunscreen is highly rated and recommended for customers in India.,42ad5f18-ce83-4e30-848e-f1c52ecf3882,5e47f8f2-f0ba-4b4c-8f16-41e3d48a749c,"['https://example.com/images/42ad5f18-ce83-4e30-848e-f1c52ecf3882_1.jpg', 'https://example.com/images/42ad5f18-ce83-4e30-848e-f1c52ecf3882_2.jpg']",cat_beau_04,"['beauty & personal care', 'mamaearth', 'india', 'trending']"
2026-03-21 16:24:39,24234.91,32370.34,4.0,1630,177,Bestseller,"{""Brand"": ""Apple"", ""Color"": ""Blue"", ""Warranty"": ""1 Year"", ""Material"": ""Glass""}",2026-02-20 16:24:39,Cocoblu Retail,apple-power-bank-ultra-7692,Apple Power Bank Ultra,High quality Apple Power Bank Ultra from Apple. Perfect for daily use. This Power Bank is highly rated and recommended for customers in India.,bfcb51be-675d-4586-8393-6c00f5ec8e1e,9c8bff77-3710-40ed-b896-2fa7f682cffd,"['https://example.com/images/bfcb51be-675d-4586-8393-6c00f5ec8e1e_1.jpg', 'https://example.com/images/bfcb51be-675d-4586-8393-6c00f5ec8e1e_2.jpg']",cat_elec_01,"['electronics', 'apple', 'india', 'trending']"
2025-06-20 16:24:39,53474.6,64419.83,4.2,3594,187,,"{""Brand"": ""The Derma Co"", ""Color"": ""Blue"", ""Warranty"": ""2 Year"", ""Material"": ""Cotton""}",2025-05-27 16:24:39,Cloudtail India,the-derma-co-face-wash-9434,The Derma Co Face Wash,High quality The Derma Co Face Wash from The Derma Co. Perfect for daily use. This Face Wash is highly rated and recommended for customers in India.,7d11121e-14ab-4bcb-bbdc-644fb9060240,d440306c-2e5e-4965-98b5-7168abd848f5,"['https://example.com/images/7d11121e-14ab-4bcb-bbdc-644fb9060240_1.jpg', 'https://example.com/images/7d11121e-14ab-4bcb-bbdc-644fb9060240_2.jpg']",cat_beau_04,"['beauty & personal care', 'the derma co', 'india', 'trending']"
2025-04-30 16:24:39,54688.5,66676.41,4.4,4023,110,Limited Time Deal,"{""Brand"": ""boAt"", ""Color"": ""Silver"", ""Warranty"": ""2 Year"", ""Material"": ""Plastic""}",2025-04-24 16:24:39,Appario Retail Private Ltd,boat-laptop-lite-9087,boAt Laptop Lite,High quality boAt Laptop Lite from boAt. Perfect for daily use. This Laptop is highly rated and recommended for customers in India.,6de200fe-a2b0-4241-9587-77942ad219e7,a0d02c63-d595-4ee8-a811-7a9673a30c0a,"['https://example.com/images/6de200fe-a2b0-4241-9587-77942ad219e7_1.jpg', 'https://example.com/images/6de200fe-a2b0-4241-9587-77942ad219e7_2.jpg']",cat_elec_01,"['electronics', 'boat', 'india', 'trending']"
2025-09-26 16:24:39,44122.76,55751.27,4.4,3764,114,Amazon's Choice,"{""Brand"": ""Fortune"", ""Color"": ""Red"", ""Warranty"": ""1 Year"", ""Material"": ""Cotton""}",2025-09-04 16:24:39,Appario Retail Private Ltd,fortune-organic-honey-4515,Fortune Organic Honey,High quality Fortune Organic Honey from Fortune. Perfect for daily use. This Organic Honey is highly rated and recommended for customers in India.,db5ac31c-11bd-4f7a-9fc2-ca93d6caf3b1,de012d47-00fd-4e83-8a88-58fb9fd06477,"['https://example.com/images/db5ac31c-11bd-4f7a-9fc2-ca93d6caf3b1_1.jpg', 'https://example.com/images/db5ac31c-11bd-4f7a-9fc2-ca93d6caf3b1_2.jpg']",cat_groc_05,"['grocery', 'fortune', 'india', 'trending']"
2025-12-13 16:24:39,73307.62,101321.02,3.6,1829,94,Amazon's Choice,"{""Brand"": ""Tata Sampann"", ""Color"": ""Blue"", ""Warranty"": ""2 Year"", ""Material"": ""Plastic""}",2025-11-21 16:24:39,Cocoblu Retail,tata-sampann-olive-oil-4386,Tata Sampann Olive Oil,High quality Tata Sampann Olive Oil from Tata Sampann. Perfect for daily use. This Olive Oil is highly rated and recommended for customers in India.,ecec528f-523a-4bbe-bdfb-eef1937869bc,72a571a3-35c9-4c6d-aa76-e9f4abbd19f1,"['https://example.com/images/ecec528f-523a-4bbe-bdfb-eef1937869bc_1.jpg', 'https://example.com/images/ecec528f-523a-4bbe-bdfb-eef1937869bc_2.jpg']",cat_groc_05,"['grocery', 'tata sampann', 'india', 'trending']"
2025-07-02 16:24:39,7354.89,10012.73,4.6,2279,0,Bestseller,"{""Brand"": ""Puma"", ""Color"": ""Blue"", ""Warranty"": ""2 Year"", ""Material"": ""Glass""}",2025-06-26 16:24:39,Cloudtail India,puma-running-shoes-1730,Puma Running Shoes,High quality Puma Running Shoes from Puma. Perfect for daily use. This Running Shoes is highly rated and recommended for customers in India.,75cbcbce-37b1-467f-b0fe-f77f78df2336,f2615bfa-7b4d-4609-8ab1-b0367b703a83,"['https://example.com/images/75cbcbce-37b1-467f-b0fe-f77f78df2336_1.jpg', 'https://example.com/images/75cbcbce-37b1-467f-b0fe-f77f78df2336_2.jpg']",cat_fash_03,"['fashion', 'puma', 'india', 'trending']"
2025-05-16 16:24:39,72096.82,104530.15,4.2,4092,62,Bestseller,"{""Brand"": ""The Derma Co"", ""Color"": ""White"", ""Warranty"": ""2 Year"", ""Material"": ""Glass""}",2025-04-16 16:24:39,Cocoblu Retail,the-derma-co-hair-oil-6512,The Derma Co Hair Oil,High quality The Derma Co Hair Oil from The Derma Co. Perfect for daily use. This Hair Oil is highly rated and recommended for customers in India.,a1aaed91-984c-4dbb-a678-e592fb58a102,e0176c07-2b56-468c-8471-3f8864967420,"['https://example.com/images/a1aaed91-984c-4dbb-a678-e592fb58a102_1.jpg', 'https://example.com/images/a1aaed91-984c-4dbb-a678-e592fb58a102_2.jpg']",cat_beau_04,"['beauty & personal care', 'the derma co', 'india', 'trending']"
2026-03-18 16:24:39,43758.54,61228.05,4.3,4843,88,Bestseller,"{""Brand"": ""Fortune"", ""Color"": ""Red"", ""Warranty"": ""2 Year"", ""Material"": ""Cotton""}",2026-02-16 16:24:39,Cocoblu Retail,fortune-masala-chai-tea-3128,Fortune Masala Chai Tea,High quality Fortune Masala Chai Tea from Fortune. Perfect for daily use. This Masala Chai Tea is highly rated and recommended for customers in India.,050ab5d6-0a7d-4e08-a998-7d7cd49e6854,311a92d9-96fa-4a30-b904-b8936dd7bc43,"['https://example.com/images/050ab5d6-0a7d-4e08-a998-7d7cd49e6854_1.jpg', 'https://example.com/images/050ab5d6-0a7d-4e08-a998-7d7cd49e6854_2.jpg']",cat_groc_05,"['grocery', 'fortune', 'india', 'trending']"
2025-10-09 16:24:39,16420.85,23466.67,4.2,4792,30,Amazon's Choice,"{""Brand"": ""Samsung"", ""Color"": ""Blue"", ""Warranty"": ""2 Year"", ""Material"": ""Glass""}",2025-10-04 16:24:39,Cloudtail India,samsung-wireless-earbuds-pro-4745,Samsung Wireless Earbuds Pro,High quality Samsung Wireless Earbuds Pro from Samsung. Perfect for daily use. This Wireless Earbuds is highly rated and recommended for customers in India.,9ba67740-dc6e-4c15-a075-618672c374db,af56d6a2-1c7d-4898-a46d-e6846ce116c3,"['https://example.com/images/9ba67740-dc6e-4c15-a075-618672c374db_1.jpg', 'https://example.com/images/9ba67740-dc6e-4c15-a075-618672c374db_2.jpg']",cat_elec_01,"['electronics', 'samsung', 'india', 'trending']"
2025-11-25 16:24:39,21578.15,29030.01,3.6,1973,96,Limited Time Deal,"{""Brand"": ""Xiaomi"", ""Color"": ""White"", ""Warranty"": ""2 Year"", ""Material"": ""Plastic""}",2025-11-13 16:24:39,RetailNet,xiaomi-power-bank-max-6383,Xiaomi Power Bank Max,High quality Xiaomi Power Bank Max from Xiaomi. Perfect for daily use. This Power Bank is highly rated and recommended for customers in India.,d1679def-f244-49a7-9919-abe684953834,ad8d1a89-b220-404a-93bf-bebb5ea96fd0,"['https://example.com/images/d1679def-f244-49a7-9919-abe684953834_1.jpg', 'https://example.com/images/d1679def-f244-49a7-9919-abe684953834_2.jpg']",cat_elec_01,"['electronics', 'xiaomi', 'india', 'trending']"
2026-02-20 16:24:39,22043.41,29634.78,4.4,1477,178,Amazon's Choice,"{""Brand"": ""Allen Solly"", ""Color"": ""Silver"", ""Warranty"": ""2 Year"", ""Material"": ""Cotton""}",2026-02-16 16:24:39,Cloudtail India,allen-solly-silk-saree-7025,Allen Solly Silk Saree,High quality Allen Solly Silk Saree from Allen Solly. Perfect for daily use. This Silk Saree is highly rated and recommended for customers in India.,1f8d3c1f-36cc-4a7d-8539-102b833e7b4f,e4e20f3b-58a5-4556-976d-ea465eed6c38,"['https://example.com/images/1f8d3c1f-36cc-4a7d-8539-102b833e7b4f_1.jpg', 'https://example.com/images/1f8d3c1f-36cc-4a7d-8539-102b833e7b4f_2.jpg']",cat_fash_03,"['fashion', 'allen solly', 'india', 'trending']"
2025-04-08 16:24:39,63490.33,89681.82,3.8,61,120,Bestseller,"{""Brand"": ""Tata Sampann"", ""Color"": ""Blue"", ""Warranty"": ""1 Year"", ""Material"": ""Cotton""}",2025-04-06 16:24:39,Cocoblu Retail,tata-sampann-olive-oil-7759,Tata Sampann Olive Oil,High quality Tata Sampann Olive Oil from Tata Sampann. Perfect for daily use. This Olive Oil is highly rated and recommended for customers in India.,cbf193b4-3852-498b-af62-6a6756c48b4d,601b341b-d300-43ff-9b71-ccc145c4a489,"['https://example.com/images/cbf193b4-3852-498b-af62-6a6756c48b4d_1.jpg', 'https://example.com/images/cbf193b4-3852-498b-af62-6a6756c48b4d_2.jpg']",cat_groc_05,"['grocery', 'tata sampann', 'india', 'trending']"
2026-01-28 16:24:39,9381.32,12670.64,3.9,1885,83,Amazon's Choice,"{""Brand"": ""The Derma Co"", ""Color"": ""Silver"", ""Warranty"": ""1 Year"", ""Material"": ""Cotton""}",2026-01-01 16:24:39,SuperComNet,the-derma-co-perfume-7042,The Derma Co Perfume,High quality The Derma Co Perfume from The Derma Co. Perfect for daily use. This Perfume is highly rated and recommended for customers in India.,7a257d7c-d043-4e87-8353-f9348d22b928,4a179445-4dc4-426b-bb84-eea38e857e52,"['https://example.com/images/7a257d7c-d043-4e87-8353-f9348d22b928_1.jpg', 'https://example.com/images/7a257d7c-d043-4e87-8353-f9348d22b928_2.jpg']",cat_beau_04,"['beauty & personal care', 'the derma co', 'india', 'trending']"
2025-08-09 16:24:39,14937.97,18400.71,4.0,160,100,Amazon's Choice,"{""Brand"": ""Fortune"", ""Color"": ""Red"", ""Warranty"": ""1 Year"", ""Material"": ""Cotton""}",2025-07-26 16:24:39,Cocoblu Retail,fortune-masala-chai-tea-4014,Fortune Masala Chai Tea,High quality Fortune Masala Chai Tea from Fortune. Perfect for daily use. This Masala Chai Tea is highly rated and recommended for customers in India.,9b5f24e6-c4d8-4034-a762-5c1077f20009,6c724967-5f96-4fa7-a45b-505f6d6a1c3b,"['https://example.com/images/9b5f24e6-c4d8-4034-a762-5c1077f20009_1.jpg', 'https://example.com/images/9b5f24e6-c4d8-4034-a762-5c1077f20009_2.jpg']",cat_groc_05,"['grocery', 'fortune', 'india', 'trending']"
2026-01-04 16:24:39,45829.2,57213.21,4.5,2808,154,,"{""Brand"": ""Happilo"", ""Color"": ""Silver"", ""Warranty"": ""1 Year"", ""Material"": ""Glass""}",2025-12-20 16:24:39,Cocoblu Retail,happilo-organic-honey-7964,Happilo Organic Honey,High quality Happilo Organic Honey from Happilo. Perfect for daily use. This Organic Honey is highly rated and recommended for customers in India.,dfd91375-e5b0-402a-80c2-7529486f85b2,bc302d06-8f68-4c9c-af3c-eed230f431ae,"['https://example.com/images/dfd91375-e5b0-402a-80c2-7529486f85b2_1.jpg', 'https://example.com/images/dfd91375-e5b0-402a-80c2-7529486f85b2_2.jpg']",cat_groc_05,"['grocery', 'happilo', 'india', 'trending']"
2025-08-07 16:24:39,70747.12,84444.63,4.6,2557,118,Amazon's Choice,"{""Brand"": ""HP"", ""Color"": ""Black"", ""Warranty"": ""1 Year"", ""Material"": ""Plastic""}",2025-07-30 16:24:39,Appario Retail Private Ltd,hp-power-bank-ultra-3016,HP Power Bank Ultra,High quality HP Power Bank Ultra from HP. Perfect for daily use. This Power Bank is highly rated and recommended for customers in India.,388cb354-3d0a-46cb-aa21-3ebdf0993457,b8d9c243-6d3b-44d9-86b1-165c38cc22db,"['https://example.com/images/388cb354-3d0a-46cb-aa21-3ebdf0993457_1.jpg', 'https://example.com/images/388cb354-3d0a-46cb-aa21-3ebdf0993457_2.jpg']",cat_elec_01,"['electronics', 'hp', 'india', 'trending']"
2025-11-14 16:24:39,58751.77,66771.48,4.0,3210,139,Bestseller,"{""Brand"": ""Sony"", ""Color"": ""Blue"", ""Warranty"": ""1 Year"", ""Material"": ""Glass""}",2025-10-20 16:24:39,SuperComNet,sony-smartphone-v2-1846,Sony Smartphone v2,High quality Sony Smartphone v2 from Sony. Perfect for daily use. This Smartphone is highly rated and recommended for customers in India.,00403e40-34b7-455e-96f4-a911a50d6a28,c2882a3f-e3fb-4726-a441-1418d7bd6080,"['https://example.com/images/00403e40-34b7-455e-96f4-a911a50d6a28_1.jpg', 'https://example.com/images/00403e40-34b7-455e-96f4-a911a50d6a28_2.jpg']",cat_elec_01,"['electronics', 'sony', 'india', 'trending']"
2025-03-25 16:24:39,70554.07,82116.44,3.8,2735,135,Bestseller,"{""Brand"": ""The Derma Co"", ""Color"": ""Silver"", ""Warranty"": ""1 Year"", ""Material"": ""Glass""}",2025-03-14 16:24:39,RetailNet,the-derma-co-matte-lipstick-3769,The Derma Co Matte Lipstick,High quality The Derma Co Matte Lipstick from The Derma Co. Perfect for daily use. This Matte Lipstick is highly rated and recommended for customers in India.,180be8bc-61f9-4ab0-898c-88385006b117,3e05dcb6-2ef7-48e2-b64c-a7fd3c17344b,"['https://example.com/images/180be8bc-61f9-4ab0-898c-88385006b117_1.jpg', 'https://example.com/images/180be8bc-61f9-4ab0-898c-88385006b117_2.jpg']",cat_beau_04,"['beauty & personal care', 'the derma co', 'india', 'trending']"
2025-10-27 16:24:39,12206.97,15696.67,4.5,3048,51,Amazon's Choice,"{""Brand"": ""Prestige"", ""Color"": ""White"", ""Warranty"": ""1 Year"", ""Material"": ""Cotton""}",2025-10-08 16:24:39,SuperComNet,prestige-air-purifier-9780,Prestige Air Purifier,High quality Prestige Air Purifier from Prestige. Perfect for daily use. This Air Purifier is highly rated and recommended for customers in India.,5d0442ac-0497-45c5-89cb-bf1b59490390,57ce31b9-0853-4f49-8d78-f222d1fb7bb8,"['https://example.com/images/5d0442ac-0497-45c5-89cb-bf1b59490390_1.jpg', 'https://example.com/images/5d0442ac-0497-45c5-89cb-bf1b59490390_2.jpg']",cat_home_02,"['home & kitchen', 'prestige', 'india', 'trending']"
2025-09-10 16:24:39,38669.78,52637.43,4.7,1179,133,,"{""Brand"": ""Allen Solly"", ""Color"": ""Silver"", ""Warranty"": ""2 Year"", ""Material"": ""Glass""}",2025-08-16 16:24:39,Cloudtail India,allen-solly-denim-jeans-7199,Allen Solly Denim Jeans,High quality Allen Solly Denim Jeans from Allen Solly. Perfect for daily use. This Denim Jeans is highly rated and recommended for customers in India.,2408b294-341f-4b5c-b634-e18394169705,28507642-9c77-4097-a6bc-2c517ec9f1bf,"['https://example.com/images/2408b294-341f-4b5c-b634-e18394169705_1.jpg', 'https://example.com/images/2408b294-341f-4b5c-b634-e18394169705_2.jpg']",cat_fash_03,"['fashion', 'allen solly', 'india', 'trending']"
